{
    "led_per_face": 18,
    "sensors": 3,
    "faces": [
        { "layer": 0, "index": 0, "face_id": 0,  "pos": [ 0.5, 0.3897301985783757, 0.0 ], "sensors": [] },
        { "layer": 1, "index": 0, "face_id": 1, "pos": [ 0.5, 0.18630693143783433, 0.33333333333333337 ], "sensors": [0] },
        { "layer": 1, "index": 1, "face_id": 2, "pos": [ 0.6666727272727273, 0.49143457715943356, 0.33333333333333337 ], "sensors": [1] },
        { "layer": 1, "index": 2, "face_id": 3, "pos": [ 0.3333272727272727, 0.49143457715943356, 0.33333333333333337 ], "sensors": [2] }
    ]
}